numero,fecha,titulo,tipo,motivo,enlace
Decreto Supremo N.° 007-2024-PCM,Publicado: 29 de enero de 2024,"Decreto Supremo que prorroga el Estado de Emergencia en el distrito de Echarate de la provincia de La Convención del departamento de Cusco, por impacto de daños a consecuencia de intensas precipitaciones pluvialesDS N° 007-2024-PCMPDF1.5 MBDescargar",prorroga,impacto de daños,https://www.gob.pe/institucion/pcm/normas-legales/5225977-007-2024-pcm
Decreto Supremo N.° 006-2024-PCM,Publicado: 29 de enero de 2024,"Decreto Supremo que prorroga el Estado de Emergencia en varios distritos de algunas provincias de los departamentos de Amazonas, Áncash, Arequipa, Ayacucho, Cajamarca, Ica, La Libertad, Lambayeque, Lima, Pasco, Piura, San Martín y Tumbes, por peligro inminente ante intensas precipitaciones pluviales (período 2023- 2024) y posible Fenómeno El NiñoDS N° 006-2024-PCMPDF3.6 MBDescargar",prorroga,peligro inminente,https://www.gob.pe/institucion/pcm/normas-legales/5225965-006-2024-pcm
Decreto Supremo N.° 005-2024-PCM,Publicado: 29 de enero de 2024,"Decreto Supremo que declara el Estado de Emergencia en varios distritos de algunas provincias de los departamentos de Arequipa, Ayacucho, Cusco, Huánuco, Huancavelica, Ica, Moquegua y Pasco, por impacto de daños a consecuencia de intensas precipitaciones pluvialesDS N° 005-2024-PCMPDF2 MBDescargar",declara,impacto de daños,https://www.gob.pe/institucion/pcm/normas-legales/5225954-005-2024-pcm
Decreto Supremo N.° 004-2024-PCM,Publicado: 26 de enero de 2024,"Decreto Supremo que declara el Estado de Emergencia en el distrito de Chalhuanca de la provincia de Aymaraes del departamento de Apurímac, por impacto de daños a consecuencia de intensas precipitaciones pluvialesD.S. N  004-2024-PCMPDF1.1 MBDescargar",declara,impacto de daños,https://www.gob.pe/institucion/pcm/normas-legales/5225947-004-2024-pcm
Decreto Supremo N.° 021-2024-PCM,Publicado: 28 de febrero de 2024,"Decreto Supremo que declara el Estado de Emergencia en varios distritos de algunas provincias de los departamentos de Arequipa, Ica, Madre de Dios, Moquegua y Ucayali, por impacto de daños a consecuencia de intensas precipitaciones pluvialesDS N° 021-2024-PCMPDF1.4 MBDescargar",declara,impacto de daños,https://www.gob.pe/institucion/pcm/normas-legales/5433283-021-2024-pcm
Decreto Supremo N.° 020-2024-PCM,Publicado: 26 de febrero de 2024,"Decreto Supremo que declara el Estado de Emergencia en varios distritos de algunas provincias de los departamentos de Amazonas, Áncash, Apurímac, Arequipa, Ayacucho, Cajamarca, Cusco, Huancavelica, Huánuco, Ica, Junín, La Libertad, Lima, Loreto, Moquegua, Pasco y Puno, por impacto de daños a consecuencia de intensas precipitaciones pluvialesDecreto Supremo N° 020-2024-PCMPDF2.4 MBDescargar",declara,impacto de daños,https://www.gob.pe/institucion/pcm/normas-legales/5533513-020-2024-pcm
Decreto Supremo N.° 016-2024-PCM,Publicado: 9 de febrero de 2024,"Decreto Supremo que declara el Estado de Emergencia en varios distritos de algunas provincias de los departamentos de Amazonas, Áncash, Apurímac, Arequipa, Ayacucho, Cusco, Huancavelica, Huánuco, Junín, Lima, Madre de Dios, Pasco, Puno, San Martín y Tacna, por impacto de daños a consecuencia de intensas precipitaciones pluvialesDS 016-2024-PCMPDF1.6 MBDescargar",declara,impacto de daños,https://www.gob.pe/institucion/pcm/normas-legales/5533271-016-2024-pcm
Decreto Supremo N.° 0012-2024-PCM,Publicado: 1 de febrero de 2024,"Declarar el Estado de Emergencia en varios distritos de algunas provincias de los departamentos de Ancash, Apurímac, Cusco, Huancavelica, Lima, Loreto y San Martin que se encuentran detallados en el anexo que forma parte del presente Decreto Supremo pro impacto de daños a consecuencia de intensas precipitaciones pluviales por el plazo de sesenta (60) días calendario, para la ejecución de medidas y acciones de excepción, inmediatas y necesarias de respuesta y rehabilitación de correspondan.DS N° 012-2024-PCMPDF1.5 MBDescargar",declara,impacto de daños,https://www.gob.pe/institucion/pcm/normas-legales/5398177-0012-2024-pcm
Decreto Supremo N.° 033-2024-PCM,Publicado: 26 de marzo de 2024,"Decreto Supremo que prorroga el Estado de Emergencia en varios distritos de algunas provincias de los departamentos de Arequipa, Ayacucho, Cusco, Huánuco, Huancavelica, Ica, Moquegua y Pasco, por impacto de daños a consecuencia de intensas precipitaciones pluviales1 DS N° 033-2024-PCMPDF1.9 MBDescargar",prorroga,impacto de daños,https://www.gob.pe/institucion/pcm/normas-legales/5468915-033-2024-pcm
Decreto Supremo N.° 032-2024-PCM,Publicado: 26 de marzo de 2024,"Decreto Supremo que prorroga el Estado de Emergencia en varios distritos de algunas provincias de los departamentos de Áncash, Apurímac, Cusco, Huancavelica, Lima, Loreto y San Martín, por impacto de daños a consecuencia de intensas precipitaciones pluviales1 DS N° 032-2024-PCMPDF1.6 MBDescargar",prorroga,impacto de daños,https://www.gob.pe/institucion/pcm/normas-legales/5468900-032-2024-pcm
Decreto Supremo N.° 031-2024-PCM,Publicado: 26 de marzo de 2024,"Decreto Supremo que declara el Estado de Emergencia en varios distritos de algunas provincias de los departamentos de Amazonas, Áncash, Apurímac, Arequipa, Ayacucho, Cajamarca, Cusco, Huancavelica, Huánuco, Ica, Junín, Lima, Madre de Dios, Puno, Tacna y Ucayali, por impacto de daños a consecuencia de intensas precipitaciones pluviales1 DS N° 031-2024-PCMPDF2.1 MBDescargar",declara,impacto de daños,https://www.gob.pe/institucion/pcm/normas-legales/5465813-031-2024-pcm
Decreto Supremo N.° 030-2024-PCM,Publicado: 19 de marzo de 2024,"Decreto Supremo que prorroga el Estado de Emergencia en el distrito de Chalhuanca de la provincia de Aymaraes del departamento de Apurímac, por impacto de daños a consecuencia de intensas precipitaciones pluviales1 DS N° 030-2024-PCMPDF1.2 MBDescargar",prorroga,impacto de daños,https://www.gob.pe/institucion/pcm/normas-legales/5434267-030-2024-pcm
Decreto Supremo N.° 027-2024-PCM,Publicado: 14 de marzo de 2024,"Decreto Supremo que declara el Estado de Emergencia en varios distritos de algunas provincias de los departamentos de Áncash, Apurímac, Arequipa, Ayacucho, Cajamarca, Cusco, Huancavelica, Huánuco, Junín, La Libertad, Lima, Moquegua, Puno, San Martín y Tacna, por impacto de daños a consecuencia de intensas precipitaciones pluvialesDS N° 027-2024-PCMPDF2.2 MBDescargar",declara,impacto de daños,https://www.gob.pe/institucion/pcm/normas-legales/5401492-027-2024-pcm
Decreto Supremo N.° 026-2024-PCM,Publicado: 7 de marzo de 2024,"Decreto Supremo que declara el Estado de Emergencia en varios distritos de algunas provincias de los departamentos de Amazonas, Apurímac, Arequipa, Ayacucho, Cusco, Huancavelica, Huánuco, Junín, Lima, Moquegua, Puno, Tacna y Ucayali, por impacto de daños a consecuencia de intensas precipitaciones pluvialesDS N° 026-2024-PCMPDF2.1 MBDescargar",declara,impacto de daños,https://www.gob.pe/institucion/pcm/normas-legales/5534357-026-2024-pcm
Decreto Supremo N.° 049-2024-PCM,Publicado: 30 de abril de 2024,"Decreto Supremo que declara el Estado de Emergencia en el distrito de Ayna de la provincia de La Mar y en el distrito de Santa Ana de Huaycahuacho de la provincia de Lucanas del departamento de Ayacucho; y, en los distritos de Padre Márquez, Contamana y Pampa Hermosa de la provincia de Ucayali del departamento de Loreto, por impacto de daños a consecuencia de intensas precipitaciones pluviales1 DS N° 049-2024-PCMPDF2.1 MBDescargar",declara,impacto de daños,https://www.gob.pe/institucion/pcm/normas-legales/5595005-049-2024-pcm
Decreto Supremo N.° 046-2024-PCM,Publicado: 30 de abril de 2024,"Decreto Supremo que prorroga el Estado de Emergencia en el distrito de Mollepata de la provincia de Anta del departamento de Cusco, por impacto de daños a consecuencia de intensas precipitaciones pluviales1 DS N° 046-2024-PCMPDF1.3 MBDescargar",prorroga,impacto de daños,https://www.gob.pe/institucion/pcm/normas-legales/5594298-046-2024-pcm
Decreto Supremo N.° 045-2024-PCM,Publicado: 25 de abril de 2024,"Decreto Supremo que prorroga el Estado de Emergencia en el distrito de Yura de la provincia de Arequipa del departamento de Arequipa, por impacto de daños a consecuencia de intensas precipitaciones pluviales1 DS N° 045-2024-PCMPDF1.4 MBDescargar",prorroga,impacto de daños,https://www.gob.pe/institucion/pcm/normas-legales/5561360-045-2024-pcm
Decreto Supremo N.° 044-2024-PCM,Publicado: 25 de abril de 2024,"Decreto Supremo que prorroga el Estado de Emergencia en varios distritos de algunas provincias de los departamentos de Áncash, Apurímac, Arequipa, Ayacucho, Cajamarca, Huancavelica, Huánuco, La Libertad, Lima, Loreto, Moquegua y Puno, por impacto de daños a consecuencia de intensas precipitaciones pluviales1 DS N° 044-2024-PCMPDF1.8 MBDescargar",prorroga,impacto de daños,https://www.gob.pe/institucion/pcm/normas-legales/5561341-044-2024-pcm
Decreto Supremo N.° 039-2024-PCM,Publicado: 9 de abril de 2024,"Decreto Supremo que prorroga el Estado de Emergencia en varios distritos de algunas provincias de los departamentos de Áncash, Apurímac, Arequipa, Ayacucho, Cusco, Huancavelica, Huánuco, Junín, Lima, Puno y San Martín, por impacto de daños a consecuencia de intensas precipitaciones pluvialesDS N° 039-2024-PCMPDF2.1 MBDescargar",prorroga,impacto de daños,https://www.gob.pe/institucion/pcm/normas-legales/5465808-039-2024-pcm
Decreto Supremo N.° 038-2024-PCM,Publicado: 1 de abril de 2024,"Decreto Supremo que prorroga el Estado de Emergencia en varios distritos de algunas provincias de los departamentos de Amazonas, Áncash, Arequipa, Ayacucho, Cajamarca, Ica, La Libertad, Lambayeque, Lima, Pasco, Piura, San Martín y Tumbes, por peligro inminente ante intensas precipitaciones pluviales (Período 2023- 2024) y posible Fenómeno El Niño1 DS N° 038-2024-PCMPDF3.1 MBDescargar",prorroga,peligro inminente,https://www.gob.pe/institucion/pcm/normas-legales/5469028-038-2024-pcm
