ubigeo,departamento,capital,latitud,longitud,lluvia_total_mm,dias_lluvia_fuerte,declaratorias,prorrogas
01,Amazonas,Chachapoyas,-6.23169,-77.86903,455.0,0,4,2
02,Áncash,Huaraz,-9.52614,-77.52869,1058.3,3,5,5
03,Apurímac,Abancay,-13.63426,-72.8838,670.6,2,7,4
04,Arequipa,Arequipa,-16.39899,-71.53747,235.3,1,7,6
05,Ayacucho,Ayacucho,-13.1638,-74.22345,467.5,1,7,5
06,Cajamarca,Cajamarca,-7.16378,-78.50027,671.2,0,3,3
07,Callao,Callao,-12.05162,-77.13452,17.3,0,0,0
08,Cusco,Cusco,-13.53188,-71.96701,601.0,0,7,5
09,Huancavelica,Huancavelica,-12.78691,-74.97298,819.2,1,7,4
10,Huánuco,Huánuco,-9.92882,-76.23989,416.7,3,6,3
11,Ica,Ica,-14.07538,-75.73422,19.3,0,4,3
12,Junín,Huancayo,-12.06866,-75.21027,1276.9,11,5,1
13,La Libertad,Trujillo,-8.11599,-79.02998,26.3,0,2,3
14,Lambayeque,Chiclayo,-6.77008,-79.85495,25.6,0,0,2
15,Lima,Huacho,-11.11718,-77.60584,12.2,0,6,5
16,Loreto,Iquitos,-3.74814,-73.2529,1361.8,19,3,2
17,Madre de Dios,Puerto Maldonado,-12.58946,-69.19948,1149.5,15,3,0
18,Moquegua,Moquegua,-17.19747,-70.93587,29.1,0,5,2
19,Pasco,Cerro de Pasco,-10.66577,-76.25309,839.3,1,3,3
20,Piura,Piura,-5.18192,-80.65715,139.4,2,0,2
21,Puno,Puno,-15.84003,-70.02198,728.6,1,5,2
22,San Martín,Moyobamba,-6.03441,-76.97423,681.7,3,3,4
23,Tacna,Tacna,-18.01465,-70.25362,46.1,0,4,0
24,Tumbes,Tumbes,-3.55592,-80.44258,497.0,3,0,2
25,Ucayali,Pucallpa,-8.37915,-74.55387,887.4,9,4,0
